variable,mean,median,sd,mad,q5,q95,rhat,ess_bulk,ess_tail
beta,0.24042096125,0.240379,0.003853027444733674,0.0038050929000000193,0.2341755,0.2468611,1.0007044781895864,1560.2452279351362,2030.9793473068542
omega,0.104394884875,0.10421,0.005734560482847974,0.005547889200000003,0.095376895,0.11419984999999999,1.0008237462900902,1843.8506237089846,2149.880344907415
proportion_twitter,0.1291637862,0.12894850000000002,0.009895566608261965,0.009867444300000002,0.11327175,0.14549805,1.0008634596028243,1507.3063021579464,1940.9112936745003
dI,10.5745102075,10.5304,0.6937167983473943,0.6776964599999994,9.527861499999998,11.787875000000001,1.0010695673728993,1496.1993750540396,1836.2747952947884
dT,11.0019941975,10.966149999999999,1.25950763367253,1.2536865600000013,8.947501,13.113834999999995,1.001557960577782,1972.8137541616106,2390.6136330774457
